Seller,Demand_Low_Influence,Demand_High_Influence,Demand_Change_%,Profit_Low_Influence,Profit_High_Influence,Profit_Change_%
Seller_A,84287.5,84439.5,0.1803351623906273,1078830.0,1080775.6,0.1803435202951432
Seller_B,25091.25,25243.25,0.6057888706222289,306063.25,307917.64999999997,0.6058878352758671
Seller_C,11477.75,11629.75,1.3243013656857834,136535.225,138344.025,1.324786332611228
